total_area,total_averaged_temperature,morris_row_index,location
5575.470648651888,19.647262573242188,1,limpbach
5415.305365399561,16.416750617418145,1,grundbach
249.59991014065736,18.249923867831665,1,hasle
1101.492787373973,20.127795576843962,1,emmepark
658.2155355012912,17.749969482421875,10,limpbach
3075.11889653947,16.073237880461928,10,grundbach
249.59991014224394,18.249923867838376,10,hasle
1359.0827280063402,20.48800350567752,10,emmepark
672.0937841096811,17.76752281188965,100,limpbach
2912.868471876387,16.04998338785768,100,grundbach
249.59991014065736,18.249923867831665,100,hasle
1359.0827280061353,20.488003505677458,100,emmepark
672.0937841103427,17.76752281188965,101,limpbach
3075.1188965393885,16.073237880461928,101,grundbach
249.59991014376698,18.249923867839886,101,hasle
1359.0827279989187,20.488003505669443,101,emmepark
5559.146718313266,19.639619827270508,102,limpbach
7250.119787609978,16.893737336248037,102,grundbach
249.59991014024027,18.249923867831416,102,hasle
1260.2193453868604,20.380877437275114,102,emmepark
684.6820667717211,17.784666061401367,103,limpbach
4343.1567026398625,16.52200026719724,103,grundbach
249.59991014252,18.249923867838532,103,hasle
1140.5117458324296,20.185664302836255,103,emmepark
684.6820667712211,17.784666061401367,104,limpbach
4568.717401208703,16.530666929009882,104,grundbach
249.59991014266103,18.24992386783862,104,hasle
1140.5117458324296,20.185664302836255,104,emmepark
5575.470648651888,19.647262573242188,105,limpbach
5415.305365399561,16.416750617418145,105,grundbach
249.59991014065736,18.249923867831665,105,hasle
1101.492787373973,20.127795576843962,105,emmepark
5575.470648651888,19.647262573242188,106,limpbach
5415.305365399561,16.416750617418145,106,grundbach
249.59991014065736,18.249923867831665,106,hasle
1101.492787373973,20.127795576843962,106,emmepark
5575.470648651888,19.647262573242188,107,limpbach
5415.305365399561,16.416750617418145,107,grundbach
249.59991014065736,18.249923867831665,107,hasle
1101.492787373973,20.127795576843962,107,emmepark
684.6820667712211,17.784666061401367,108,limpbach
4568.717401208703,16.530666929009882,108,grundbach
249.59991014266103,18.24992386783862,108,hasle
1140.5117458324296,20.185664302836255,108,emmepark
684.6820667712211,17.784666061401367,109,limpbach
4568.717401208703,16.530666929009882,109,grundbach
249.59991014266103,18.24992386783862,109,hasle
1140.5117458324296,20.185664302836255,109,emmepark
5559.146718313266,19.639619827270508,11,limpbach
7250.119787609978,16.893737336248037,11,grundbach
249.59991014024027,18.249923867831416,11,hasle
1260.2193453868604,20.380877437275114,11,emmepark
684.6820667717211,17.784666061401367,110,limpbach
4343.1567026398625,16.52200026719724,110,grundbach
249.59991014252,18.249923867838532,110,hasle
1140.5117458324296,20.185664302836255,110,emmepark
5575.470648651888,19.647262573242188,111,limpbach
5415.305365399561,16.416750617418145,111,grundbach
249.59991014065736,18.249923867831665,111,hasle
1101.492787373973,20.127795576843962,111,emmepark
5575.470648651888,19.647262573242188,112,limpbach
5415.305365399561,16.416750617418145,112,grundbach
249.59991014065736,18.249923867831665,112,hasle
1101.492787373973,20.127795576843962,112,emmepark
5575.470648651888,19.647262573242188,113,limpbach
5415.305365399561,16.416750617418145,113,grundbach
249.59991014065736,18.249923867831665,113,hasle
1101.492787373973,20.127795576843962,113,emmepark
684.6820667717211,17.784666061401367,114,limpbach
4343.1567026398625,16.52200026719724,114,grundbach
249.59991014252,18.249923867838532,114,hasle
1140.511745832241,20.1856643028362,114,emmepark
684.6820667712211,17.784666061401367,115,limpbach
4568.717401208703,16.530666929009882,115,grundbach
249.59991014266103,18.24992386783862,115,hasle
1140.5117458324296,20.185664302836255,115,emmepark
5575.470648651888,19.647262573242188,116,limpbach
5415.305365399561,16.416750617418145,116,grundbach
249.59991014065736,18.249923867831665,116,hasle
1101.492787373973,20.127795576843962,116,emmepark
5575.470648651888,19.647262573242188,117,limpbach
5415.305365399561,16.416750617418145,117,grundbach
249.59991014065736,18.249923867831665,117,hasle
1101.492787373973,20.127795576843962,117,emmepark
3850.6412751191524,19.678470611572266,118,limpbach
3620.041741726914,16.62149020836598,118,grundbach
249.59991014148724,18.24992386783277,118,hasle
1250.0759994393932,20.338798108514045,118,emmepark
3850.641275178133,19.678470611572266,119,limpbach
3121.0175989677946,16.729637016612216,119,grundbach
249.59991014345132,18.249923867839698,119,hasle
1250.075999438322,20.338798108513252,119,emmepark
5559.146718343069,19.639619827270508,12,limpbach
7250.119787609978,16.893737336248037,12,grundbach
249.59991014190433,18.24992386783302,12,hasle
1260.2193453908865,20.38087743727968,12,emmepark
672.0937841096811,17.76752281188965,120,limpbach
7032.585874695157,16.830186712785085,120,grundbach
249.59991014065736,18.249923867831665,120,hasle
1330.0784019040166,20.442045056699587,120,emmepark
672.0937841096811,17.76752281188965,121,limpbach
7032.585874695157,16.830186712785085,121,grundbach
249.59991014065736,18.249923867831665,121,hasle
1330.0784019040166,20.442045056699587,121,emmepark
672.0937841096811,17.76752281188965,122,limpbach
7032.585874695157,16.830186712785085,122,grundbach
249.59991014065736,18.249923867831665,122,hasle
1330.0784019040166,20.442045056699587,122,emmepark
3850.6412751191524,19.678470611572266,123,limpbach
3620.041741726914,16.62149020836598,123,grundbach
249.59991014148724,18.24992386783277,123,hasle
1250.0759994393932,20.338798108514045,123,emmepark
684.6820667717211,17.784666061401367,124,limpbach
4343.1567026398625,16.52200026719724,124,grundbach
249.59991014252,18.249923867838532,124,hasle
1140.511745832241,20.1856643028362,124,emmepark
684.6820667712211,17.784666061401367,125,limpbach
4568.717401208703,16.530666929009882,125,grundbach
249.59991014266103,18.24992386783862,125,hasle
1140.5117458324296,20.185664302836255,125,emmepark
5575.470648651888,19.647262573242188,126,limpbach
5415.305365399561,16.416750617418145,126,grundbach
249.59991014065736,18.249923867831665,126,hasle
1101.492787373973,20.127795576843962,126,emmepark
5575.470648651888,19.647262573242188,127,limpbach
5415.305365399561,16.416750617418145,127,grundbach
249.59991014065736,18.249923867831665,127,hasle
1101.492787373973,20.127795576843962,127,emmepark
684.6820667712211,17.784666061401367,128,limpbach
4568.717401208703,16.530666929009882,128,grundbach
249.59991014266103,18.24992386783862,128,hasle
1140.5117458324296,20.185664302836255,128,emmepark
684.6820667717211,17.784666061401367,129,limpbach
4343.1567026398625,16.52200026719724,129,grundbach
249.59991014252,18.249923867838532,129,hasle
1140.511745832241,20.1856643028362,129,emmepark
672.0937841103427,17.76752281188965,13,limpbach
2912.8684718838745,16.04998338785827,13,grundbach
249.59991014190433,18.24992386783302,13,hasle
1359.0827280061353,20.488003505677458,13,emmepark
5559.146718344169,19.639619827270508,130,limpbach
7250.1197876127135,16.89373733624834,130,grundbach
249.59991014283565,18.249923867838728,130,hasle
1251.4570727203743,20.377251751363744,130,emmepark
5559.146718313266,19.639619827270508,131,limpbach
7250.119787609978,16.893737336248037,131,grundbach
249.59991014024027,18.249923867831416,131,hasle
1260.2193453868604,20.380877437275114,131,emmepark
672.0937841103427,17.76752281188965,132,limpbach
3075.1188965393885,16.073237880461928,132,grundbach
249.59991014376698,18.249923867839886,132,hasle
1359.0827279989187,20.488003505669443,132,emmepark
5559.146718343069,19.639619827270508,14,limpbach
7250.119787609978,16.893737336248037,14,grundbach
249.59991014190433,18.24992386783302,14,hasle
1260.2193453908865,20.38087743727968,14,emmepark
5559.146718313266,19.639619827270508,15,limpbach
7250.119787609978,16.893737336248037,15,grundbach
249.59991014024027,18.249923867831416,15,hasle
1260.2193453868604,20.380877437275114,15,emmepark
5559.146718343069,19.639619827270508,16,limpbach
7250.119787609978,16.893737336248037,16,grundbach
249.59991014190433,18.24992386783302,16,hasle
1260.2193453908865,20.38087743727968,16,emmepark
5559.146718313266,19.639619827270508,17,limpbach
7250.119787609978,16.893737336248037,17,grundbach
249.59991014024027,18.249923867831416,17,hasle
1260.2193453868604,20.380877437275114,17,emmepark
658.2155355012912,17.749969482421875,18,limpbach
3075.11889653947,16.073237880461928,18,grundbach
249.59991014224394,18.249923867838376,18,hasle
1359.0827280063402,20.48800350567752,18,emmepark
3850.641275178133,19.678470611572266,19,limpbach
3121.0175989677946,16.729637016612216,19,grundbach
249.59991014345132,18.249923867839698,19,hasle
1250.075999438322,20.338798108513252,19,emmepark
5575.470648651888,19.647262573242188,2,limpbach
5415.305365399561,16.416750617418145,2,grundbach
249.59991014065736,18.249923867831665,2,hasle
1101.492787373973,20.127795576843962,2,emmepark
3850.641275178133,19.678470611572266,20,limpbach
3121.0175989677946,16.729637016612216,20,grundbach
249.59991014345132,18.249923867839698,20,hasle
1250.075999438322,20.338798108513252,20,emmepark
672.0937841096811,17.76752281188965,21,limpbach
7032.585874695157,16.830186712785085,21,grundbach
249.59991014065736,18.249923867831665,21,hasle
1330.0784019040166,20.442045056699587,21,emmepark
672.0937841096811,17.76752281188965,22,limpbach
7032.585874695157,16.830186712785085,22,grundbach
249.59991014065736,18.249923867831665,22,hasle
1330.0784019040166,20.442045056699587,22,emmepark
3850.641275178133,19.678470611572266,23,limpbach
3121.0175989677946,16.729637016612216,23,grundbach
249.59991014345132,18.249923867839698,23,hasle
1250.075999438322,20.338798108513252,23,emmepark
3850.641275178133,19.678470611572266,24,limpbach
3121.0175989677946,16.729637016612216,24,grundbach
249.59991014345132,18.249923867839698,24,hasle
1250.075999438322,20.338798108513252,24,emmepark
672.0937841096811,17.76752281188965,25,limpbach
7032.585874695157,16.830186712785085,25,grundbach
249.59991014065736,18.249923867831665,25,hasle
1330.0784019040166,20.442045056699587,25,emmepark
3850.641275178133,19.678470611572266,26,limpbach
3121.0175989677946,16.729637016612216,26,grundbach
249.59991014345132,18.249923867839698,26,hasle
1250.075999438322,20.338798108513252,26,emmepark
3850.641275178133,19.678470611572266,27,limpbach
3121.0175989677946,16.729637016612216,27,grundbach
249.59991014345132,18.249923867839698,27,hasle
1250.075999438322,20.338798108513252,27,emmepark
5575.470648651888,19.647262573242188,28,limpbach
5415.305365399561,16.416750617418145,28,grundbach
249.59991014065736,18.249923867831665,28,hasle
1101.492787373973,20.127795576843962,28,emmepark
5575.470648651888,19.647262573242188,29,limpbach
5415.305365399561,16.416750617418145,29,grundbach
249.59991014065736,18.249923867831665,29,hasle
1101.492787373973,20.127795576843962,29,emmepark
684.6820667712211,17.784666061401367,3,limpbach
4568.717401208703,16.530666929009882,3,grundbach
249.59991014266103,18.24992386783862,3,hasle
1140.5117458324296,20.185664302836255,3,emmepark
684.6820667717211,17.784666061401367,30,limpbach
4343.1567026398625,16.52200026719724,30,grundbach
249.59991014252,18.249923867838532,30,hasle
1140.5117458324296,20.185664302836255,30,emmepark
5575.470648651888,19.647262573242188,31,limpbach
5415.305365399561,16.416750617418145,31,grundbach
249.59991014065736,18.249923867831665,31,hasle
1101.492787373973,20.127795576843962,31,emmepark
5575.470648651888,19.647262573242188,32,limpbach
5415.305365399561,16.416750617418145,32,grundbach
249.59991014065736,18.249923867831665,32,hasle
1101.492787373973,20.127795576843962,32,emmepark
684.6820667712211,17.784666061401367,33,limpbach
4568.717401208703,16.530666929009882,33,grundbach
249.59991014266103,18.24992386783862,33,hasle
1140.5117458324296,20.185664302836255,33,emmepark
672.0937841096811,17.76752281188965,34,limpbach
7032.585874695157,16.830186712785085,34,grundbach
249.59991014065736,18.249923867831665,34,hasle
1330.0784019040166,20.442045056699587,34,emmepark
672.0937841096811,17.76752281188965,35,limpbach
7032.585874695157,16.830186712785085,35,grundbach
249.59991014065736,18.249923867831665,35,hasle
1330.0784019040166,20.442045056699587,35,emmepark
3850.6412751191524,19.678470611572266,36,limpbach
3620.041741726914,16.62149020836598,36,grundbach
249.59991014148724,18.24992386783277,36,hasle
1250.0759994393932,20.338798108514045,36,emmepark
672.0937841103427,17.76752281188965,37,limpbach
2912.8684718838745,16.04998338785827,37,grundbach
249.59991014190433,18.24992386783302,37,hasle
1359.0827280061353,20.488003505677458,37,emmepark
658.2155355011722,17.749969482421875,38,limpbach
3075.11889653947,16.073237880461928,38,grundbach
249.59991014266103,18.24992386783862,38,hasle
1359.0827280063402,20.48800350567752,38,emmepark
5559.146718313266,19.639619827270508,39,limpbach
7250.119787609978,16.893737336248037,39,grundbach
249.59991014024027,18.249923867831416,39,hasle
1260.2193453868604,20.380877437275114,39,emmepark
658.2155355011722,17.749969482421875,4,limpbach
3075.11889653947,16.073237880461928,4,grundbach
249.59991014266103,18.24992386783862,4,hasle
1359.0827280063402,20.48800350567752,4,emmepark
3850.641275178133,19.678470611572266,40,limpbach
3121.0175989677946,16.729637016612216,40,grundbach
249.59991014345132,18.249923867839698,40,hasle
1250.075999438322,20.338798108513252,40,emmepark
672.0937841096811,17.76752281188965,41,limpbach
7032.585874695157,16.830186712785085,41,grundbach
249.59991014065736,18.249923867831665,41,hasle
1330.0784019040166,20.442045056699587,41,emmepark
672.0937841096811,17.76752281188965,42,limpbach
7032.585874695157,16.830186712785085,42,grundbach
249.59991014065736,18.249923867831665,42,hasle
1330.0784019040166,20.442045056699587,42,emmepark
672.0937841096811,17.76752281188965,43,limpbach
7032.585874695157,16.830186712785085,43,grundbach
249.59991014065736,18.249923867831665,43,hasle
1330.0784019040166,20.442045056699587,43,emmepark
672.0937841096811,17.76752281188965,44,limpbach
7032.585874695157,16.830186712785085,44,grundbach
249.59991014065736,18.249923867831665,44,hasle
1330.0784019040166,20.442045056699587,44,emmepark
3850.641275178133,19.678470611572266,45,limpbach
3121.0175989677946,16.729637016612216,45,grundbach
249.59991014345132,18.249923867839698,45,hasle
1250.075999438322,20.338798108513252,45,emmepark
5575.470648651888,19.647262573242188,46,limpbach
5415.305365399561,16.416750617418145,46,grundbach
249.59991014065736,18.249923867831665,46,hasle
1101.492787373973,20.127795576843962,46,emmepark
684.6820667712211,17.784666061401367,47,limpbach
4568.717401208703,16.530666929009882,47,grundbach
249.59991014266103,18.24992386783862,47,hasle
1140.5117458324296,20.185664302836255,47,emmepark
684.6820667712211,17.784666061401367,48,limpbach
4568.717401208703,16.530666929009882,48,grundbach
249.59991014266103,18.24992386783862,48,hasle
1140.5117458324296,20.185664302836255,48,emmepark
672.0937841096811,17.76752281188965,49,limpbach
7032.585874695157,16.830186712785085,49,grundbach
249.59991014065736,18.249923867831665,49,hasle
1330.0784019040166,20.442045056699587,49,emmepark
5559.146718313266,19.639619827270508,5,limpbach
7250.119787609978,16.893737336248037,5,grundbach
249.59991014024027,18.249923867831416,5,hasle
1260.2193453868604,20.380877437275114,5,emmepark
672.0937841096811,17.76752281188965,50,limpbach
7032.585874695157,16.830186712785085,50,grundbach
249.59991014065736,18.249923867831665,50,hasle
1330.0784019040166,20.442045056699587,50,emmepark
3850.641275178133,19.678470611572266,51,limpbach
3121.0175989677946,16.729637016612216,51,grundbach
249.59991014345132,18.249923867839698,51,hasle
1250.075999438322,20.338798108513252,51,emmepark
5559.146718313266,19.639619827270508,52,limpbach
7250.119787609978,16.893737336248037,52,grundbach
249.59991014024027,18.249923867831416,52,hasle
1260.2193453868604,20.380877437275114,52,emmepark
658.2155355012912,17.749969482421875,53,limpbach
3075.11889653947,16.073237880461928,53,grundbach
249.59991014224394,18.249923867838376,53,hasle
1359.0827280063402,20.48800350567752,53,emmepark
672.0937841103427,17.76752281188965,54,limpbach
2912.8684718838745,16.04998338785827,54,grundbach
249.59991014190433,18.24992386783302,54,hasle
1359.0827280061353,20.488003505677458,54,emmepark
672.0937841103427,17.76752281188965,55,limpbach
2912.8684718838745,16.04998338785827,55,grundbach
249.59991014190433,18.24992386783302,55,hasle
1359.0827280061353,20.488003505677458,55,emmepark
658.2155355012912,17.749969482421875,56,limpbach
3075.11889653947,16.073237880461928,56,grundbach
249.59991014224394,18.249923867838376,56,hasle
1359.0827280063402,20.48800350567752,56,emmepark
5559.146718313266,19.639619827270508,57,limpbach
7250.119787609978,16.893737336248037,57,grundbach
249.59991014024027,18.249923867831416,57,hasle
1260.2193453868604,20.380877437275114,57,emmepark
672.0937841096811,17.76752281188965,58,limpbach
7032.585874695157,16.830186712785085,58,grundbach
249.59991014065736,18.249923867831665,58,hasle
1330.0784019040166,20.442045056699587,58,emmepark
672.0937841096811,17.76752281188965,59,limpbach
7032.585874695157,16.830186712785085,59,grundbach
249.59991014065736,18.249923867831665,59,hasle
1330.0784019040166,20.442045056699587,59,emmepark
5559.146718344169,19.639619827270508,6,limpbach
7250.1197876127135,16.89373733624834,6,grundbach
249.59991014283565,18.249923867838728,6,hasle
1251.4570727203743,20.377251751363744,6,emmepark
3850.641275178133,19.678470611572266,60,limpbach
3121.0175989677946,16.729637016612216,60,grundbach
249.59991014345132,18.249923867839698,60,hasle
1250.075999438322,20.338798108513252,60,emmepark
5559.146718344169,19.639619827270508,61,limpbach
7250.1197876127135,16.89373733624834,61,grundbach
249.59991014283565,18.249923867838728,61,hasle
1251.4570727203743,20.377251751363744,61,emmepark
672.0937841096811,17.76752281188965,62,limpbach
2912.868471876387,16.04998338785768,62,grundbach
249.59991014065736,18.249923867831665,62,hasle
1359.0827280061353,20.488003505677458,62,emmepark
672.0937841103427,17.76752281188965,63,limpbach
3075.1188965393885,16.073237880461928,63,grundbach
249.59991014376698,18.249923867839886,63,hasle
1359.0827279989187,20.488003505669443,63,emmepark
3850.641275178133,19.678470611572266,64,limpbach
3121.0175989677946,16.729637016612216,64,grundbach
249.59991014345132,18.249923867839698,64,hasle
1250.075999438322,20.338798108513252,64,emmepark
672.0937841096811,17.76752281188965,65,limpbach
7032.585874695157,16.830186712785085,65,grundbach
249.59991014065736,18.249923867831665,65,hasle
1330.0784019040166,20.442045056699587,65,emmepark
672.0937841096811,17.76752281188965,66,limpbach
7032.585874695157,16.830186712785085,66,grundbach
249.59991014065736,18.249923867831665,66,hasle
1330.0784019040166,20.442045056699587,66,emmepark
3850.641275178133,19.678470611572266,67,limpbach
3121.0175989677946,16.729637016612216,67,grundbach
249.59991014345132,18.249923867839698,67,hasle
1250.075999438322,20.338798108513252,67,emmepark
3850.6412751191524,19.678470611572266,68,limpbach
3620.041741726914,16.62149020836598,68,grundbach
249.59991014148724,18.24992386783277,68,hasle
1250.0759994393932,20.338798108514045,68,emmepark
672.0937841096811,17.76752281188965,69,limpbach
7032.585874695157,16.830186712785085,69,grundbach
249.59991014065736,18.249923867831665,69,hasle
1330.0784019040166,20.442045056699587,69,emmepark
5559.146718343069,19.639619827270508,7,limpbach
7250.119787609978,16.893737336248037,7,grundbach
249.59991014190433,18.24992386783302,7,hasle
1260.2193453908865,20.38087743727968,7,emmepark
3850.641275178133,19.678470611572266,70,limpbach
3121.0175989677946,16.729637016612216,70,grundbach
249.59991014345132,18.249923867839698,70,hasle
1250.075999438322,20.338798108513252,70,emmepark
672.0937841096811,17.76752281188965,71,limpbach
7032.585874695157,16.830186712785085,71,grundbach
249.59991014065736,18.249923867831665,71,hasle
1330.0784019040166,20.442045056699587,71,emmepark
672.0937841096811,17.76752281188965,72,limpbach
7032.585874695157,16.830186712785085,72,grundbach
249.59991014065736,18.249923867831665,72,hasle
1330.0784019040166,20.442045056699587,72,emmepark
684.6820667712211,17.784666061401367,73,limpbach
4568.717401208703,16.530666929009882,73,grundbach
249.59991014266103,18.24992386783862,73,hasle
1140.5117458324296,20.185664302836255,73,emmepark
684.6820667717211,17.784666061401367,74,limpbach
4343.1567026398625,16.52200026719724,74,grundbach
249.59991014252,18.249923867838532,74,hasle
1140.511745832241,20.1856643028362,74,emmepark
5575.470648651888,19.647262573242188,75,limpbach
5415.305365399561,16.416750617418145,75,grundbach
249.59991014065736,18.249923867831665,75,hasle
1101.492787373973,20.127795576843962,75,emmepark
5559.146718344169,19.639619827270508,76,limpbach
7250.1197876127135,16.89373733624834,76,grundbach
249.59991014283565,18.249923867838728,76,hasle
1251.4570727203743,20.377251751363744,76,emmepark
672.0937841103427,17.76752281188965,77,limpbach
2912.8684718838745,16.04998338785827,77,grundbach
249.59991014190433,18.24992386783302,77,hasle
1359.0827280061353,20.488003505677458,77,emmepark
658.2155355011722,17.749969482421875,78,limpbach
3075.11889653947,16.073237880461928,78,grundbach
249.59991014266103,18.24992386783862,78,hasle
1359.0827280063402,20.48800350567752,78,emmepark
5559.146718313266,19.639619827270508,79,limpbach
7250.119787609978,16.893737336248037,79,grundbach
249.59991014024027,18.249923867831416,79,hasle
1260.2193453868604,20.380877437275114,79,emmepark
672.0937841103427,17.76752281188965,8,limpbach
2912.8684718838745,16.04998338785827,8,grundbach
249.59991014190433,18.24992386783302,8,hasle
1359.0827280061353,20.488003505677458,8,emmepark
5559.146718344169,19.639619827270508,80,limpbach
7250.1197876127135,16.89373733624834,80,grundbach
249.59991014283565,18.249923867838728,80,hasle
1251.4570727203743,20.377251751363744,80,emmepark
672.0937841096811,17.76752281188965,81,limpbach
2912.868471876387,16.04998338785768,81,grundbach
249.59991014065736,18.249923867831665,81,hasle
1359.0827280061353,20.488003505677458,81,emmepark
5575.470648651888,19.647262573242188,82,limpbach
5415.305365399561,16.416750617418145,82,grundbach
249.59991014065736,18.249923867831665,82,hasle
1101.492787373973,20.127795576843962,82,emmepark
684.6820667717211,17.784666061401367,83,limpbach
4343.1567026398625,16.52200026719724,83,grundbach
249.59991014252,18.249923867838532,83,hasle
1140.5117458324296,20.185664302836255,83,emmepark
684.6820667712211,17.784666061401367,84,limpbach
4568.717401208703,16.530666929009882,84,grundbach
249.59991014266103,18.24992386783862,84,hasle
1140.5117458324296,20.185664302836255,84,emmepark
672.0937841096811,17.76752281188965,85,limpbach
2912.868471876387,16.04998338785768,85,grundbach
249.59991014065736,18.249923867831665,85,hasle
1359.0827280061353,20.488003505677458,85,emmepark
5559.146718344169,19.639619827270508,86,limpbach
7250.1197876127135,16.89373733624834,86,grundbach
249.59991014283565,18.249923867838728,86,hasle
1251.4570727203743,20.377251751363744,86,emmepark
5559.146718313266,19.639619827270508,87,limpbach
7250.119787609978,16.893737336248037,87,grundbach
249.59991014024027,18.249923867831416,87,hasle
1260.2193453868604,20.380877437275114,87,emmepark
5575.470648651888,19.647262573242188,88,limpbach
5415.305365399561,16.416750617418145,88,grundbach
249.59991014065736,18.249923867831665,88,hasle
1101.492787373973,20.127795576843962,88,emmepark
684.6820667717211,17.784666061401367,89,limpbach
4343.1567026398625,16.52200026719724,89,grundbach
249.59991014252,18.249923867838532,89,hasle
1140.511745832241,20.1856643028362,89,emmepark
658.2155355012912,17.749969482421875,9,limpbach
3075.11889653947,16.073237880461928,9,grundbach
249.59991014224394,18.249923867838376,9,hasle
1359.0827280063402,20.48800350567752,9,emmepark
684.6820667712211,17.784666061401367,90,limpbach
4568.717401208703,16.530666929009882,90,grundbach
249.59991014266103,18.24992386783862,90,hasle
1140.5117458324296,20.185664302836255,90,emmepark
684.6820667712211,17.784666061401367,91,limpbach
4568.717401208703,16.530666929009882,91,grundbach
249.59991014266103,18.24992386783862,91,hasle
1140.5117458324296,20.185664302836255,91,emmepark
684.6820667712211,17.784666061401367,92,limpbach
4568.717401208703,16.530666929009882,92,grundbach
249.59991014266103,18.24992386783862,92,hasle
1140.5117458324296,20.185664302836255,92,emmepark
5575.470648651888,19.647262573242188,93,limpbach
5415.305365399561,16.416750617418145,93,grundbach
249.59991014065736,18.249923867831665,93,hasle
1101.492787373973,20.127795576843962,93,emmepark
672.0937841096811,17.76752281188965,94,limpbach
7032.585874695157,16.830186712785085,94,grundbach
249.59991014065736,18.249923867831665,94,hasle
1330.0784019040166,20.442045056699587,94,emmepark
672.0937841096811,17.76752281188965,95,limpbach
7032.585874695157,16.830186712785085,95,grundbach
249.59991014065736,18.249923867831665,95,hasle
1330.0784019040166,20.442045056699587,95,emmepark
3850.641275178133,19.678470611572266,96,limpbach
3121.0175989677946,16.729637016612216,96,grundbach
249.59991014345132,18.249923867839698,96,hasle
1250.075999438322,20.338798108513252,96,emmepark
658.2155355012912,17.749969482421875,97,limpbach
3075.11889653947,16.073237880461928,97,grundbach
249.59991014224394,18.249923867838376,97,hasle
1359.0827280063402,20.48800350567752,97,emmepark
672.0937841103427,17.76752281188965,98,limpbach
2912.8684718838745,16.04998338785827,98,grundbach
249.59991014190433,18.24992386783302,98,hasle
1359.0827280061353,20.488003505677458,98,emmepark
5559.146718343069,19.639619827270508,99,limpbach
7250.119787609978,16.893737336248037,99,grundbach
249.59991014190433,18.24992386783302,99,hasle
1260.2193453908865,20.38087743727968,99,emmepark
